id,arcdiff,arcland
2722,1640342852,1645559334
3212,1644967798,1645554598
3250,1645204525,1645547805
3249,1645197268,1645539753
3210,1644957506,1645538121
3235,1645043177,1645119319
3012,1643625976,1645095856
3232,1645038198,1645042382
3231,1645036538,1645037182
3197,1644929830,1645024847
3204,1644938572,1644984074
3145,1644378137,1644983596
3117,1644198239,1644956608
3157,1644477015,1644955816
3186,1644739095,1644954690
3194,1644860104,1644937754
3185,1644621742,1644937553
3181,1644606251,1644936403
3184,1644618684,1644935094
3148,1644414402,1644925182
3147,1644413926,1644925172
2887,1642675190,1644924534
2886,1642674642,1644924524
2885,1642674436,1644924520
2934,1643172391,1644863878
3165,1644512407,1644855930
3182,1644608350,1644853483
3183,1644618147,1644853433
3163,1644510668,1644853360
3098,1643921213,1644853311
3172,1644546318,1644853227
3171,1644545199,1644853221
3162,1644503581,1644849980
3113,1644027768,1644848331
3103,1643943765,1644846795
3124,1644244095,1644846156
3119,1644238187,1644619094
3164,1644511632,1644592735
3168,1644523163,1644591996
3167,1644522013,1644591912
3166,1644520062,1644591811
3156,1644442854,1644553972
3155,1644441879,1644508703
3154,1644441473,1644508139
3153,1644441424,1644508057
3152,1644441286,1644505168
3140,1644348538,1644504272
3096,1643918514,1644503709
3134,1644332290,1644498373
3133,1644332219,1644498372
3132,1644331834,1644498370
3137,1644345846,1644457200
3063,1643748788,1644442212
3062,1643737564,1644442051
3136,1644345653,1644441499
3065,1643750844,1644440969
3064,1643750018,1644440522
3060,1643736126,1644440195
3057,1643735013,1644439911
3056,1643733637,1644439385
3091,1643903242,1644438573
3093,1643903731,1644438085
3095,1643917793,1644436620
3144,1644356643,1644431651
3143,1644356156,1644431650
3090,1643903009,1644431390
2850,1642094488,1644425960
2849,1642094111,1644425956
2848,1642093874,1644425952
2847,1642070795,1644424547
2846,1642070317,1644424528
2845,1642070080,1644424526
3138,1644346298,1644422631
3141,1644348984,1644420942
3067,1643752713,1644420308
3109,1644009993,1644419996
3099,1643921516,1644419784
3035,1643639730,1644419241
2961,1643314706,1644418852
3139,1644347374,1644418758
3142,1644349393,1644418663
3126,1644252134,1644418496
3122,1644241922,1644418495
3068,1643753831,1644418398
3146,1644404647,1644418169
3135,1644336022,1644418131
3107,1643991532,1644417988
3130,1644310722,1644395405
3131,1644316458,1644395375
3079,1643899702,1644395076
3114,1644031632,1644376679
3116,1644197359,1644375661
3118,1644199487,1644362720
3120,1644239242,1644348682
3128,1644265351,1644327499
3127,1644257265,1644326830
3125,1644247659,1644326638
3123,1644243423,1644325880
3121,1644239428,1644325725
3083,1643899772,1644313977
3080,1643899720,1644313899
3078,1643899686,1644313835
3077,1643899668,1644313744
3110,1644011027,1644249136
3111,1644013939,1644248933
3115,1644039484,1644244429
3075,1643856419,1644242097
2903,1642747365,1644241317
2978,1643605741,1644240767
2977,1643593971,1644240564
3112,1644026458,1644240415
3105,1643985828,1644226028
3102,1643936017,1644182261
3097,1643919237,1644174002
3101,1643931158,1644009041
3094,1643911195,1644001101
3066,1643751004,1643864453
3073,1643829890,1643992377
3100,1643930857,1643986270
2612,1639444653,1643953643
3074,1643843127,1643953384
3071,1643826162,1643913909
3072,1643827879,1643906175
3069,1643822975,1643884417
3059,1643735910,1643884414
3058,1643735838,1643884405
2628,1639628484,1643862408
3055,1643731798,1643861016
3052,1643694045,1643860281
2976,1643593503,1643732038
2915,1642821518,1643731936
2888,1642678862,1643731883
2870,1642432467,1643731832
2814,1641955197,1643731728
2807,1641827082,1643731656
2877,1642529056,1643731567
2769,1641352284,1643731515
2876,1642528863,1643731430
2762,1641258237,1643731378
2808,1641827309,1643731209
2760,1641214615,1643731137
2759,1641213941,1643731057
2904,1642749774,1643730987
2752,1640832699,1643730877
2875,1642527932,1643730689
2809,1641838142,1643730599
3034,1643637614,1643724683
3033,1643636406,1643724263
2964,1643322809,1643723126
2968,1643381917,1643708306
3051,1643687056,1643690528
3050,1643686151,1643688760
3047,1643665412,1643682244
3041,1643657667,1643670686
3040,1643657433,1643670623
3039,1643657052,1643670494
3045,1643663902,1643670244
3042,1643660674,1643668647
3037,1643655594,1643668182
2969,1643393194,1643667872
2947,1643250160,1643667769
2960,1643313671,1643667174
2958,1643308341,1643665838
3038,1643655863,1643659271
3036,1643651625,1643658879
2973,1643407261,1643655036
2970,1643393478,1643649370
2967,1643381086,1643649369
2956,1643301376,1643649367
2953,1643286543,1643649366
2932,1643156073,1643643070
3015,1643626028,1643641813
3031,1643626517,1643640298
3030,1643626424,1643640298
3029,1643626330,1643640298
3028,1643626305,1643640298
3027,1643626267,1643640298
3026,1643626251,1643640298
3025,1643626233,1643640298
3024,1643626204,1643640297
3023,1643626183,1643640297
3022,1643626139,1643640297
3021,1643626124,1643640297
3020,1643626110,1643640297
3019,1643626094,1643640297
3018,1643626071,1643640297
3017,1643626051,1643640296
3014,1643626009,1643640296
3013,1643625989,1643640296
3011,1643625971,1643640296
3010,1643625958,1643640296
3009,1643625914,1643640296
3008,1643625900,1643640295
3007,1643625886,1643640295
3006,1643625847,1643640295
3005,1643625832,1643640295
3004,1643625812,1643640295
3003,1643625781,1643640295
3002,1643625759,1643640295
3001,1643625744,1643640295
3000,1643625726,1643640294
2999,1643625713,1643640294
2998,1643625699,1643640294
2997,1643625687,1643640294
2996,1643625672,1643640294
2995,1643625647,1643640293
2994,1643625630,1643640293
2993,1643625570,1643640293
2992,1643625549,1643640293
2991,1643625528,1643640275
2990,1643625380,1643640031
2989,1643625342,1643640030
2988,1643625191,1643640030
2987,1643625152,1643640029
2986,1643625069,1643640028
2985,1643624938,1643640027
2984,1643624855,1643640027
2983,1643624788,1643640026
2982,1643624769,1643640025
2981,1643624746,1643640025
2980,1643624722,1643640024
2979,1643624686,1643640024
2955,1643292990,1643622035
2954,1643289583,1643622015
2952,1643285912,1643621990
2951,1643284644,1643621973
2975,1643472438,1643594329
2974,1643468558,1643500173
2962,1643315239,1643471525
2957,1643308054,1643470860
2963,1643316834,1643470703
2946,1643248281,1643400930
2927,1643144274,1643390914
2966,1643373785,1643387974
2944,1643226569,1643298392
2940,1643210939,1643298389
2949,1643275387,1643296429
2942,1643221954,1643295985
2937,1643205133,1643295983
2936,1643203671,1643295978
2928,1643146465,1643295976
2929,1643146866,1643295972
2926,1643142331,1643295969
2925,1643139574,1643295965
2924,1643137446,1643295962
2941,1643215867,1643290929
2939,1643207285,1643290599
2923,1643131825,1643290332
2922,1643131196,1643290156
2943,1643225395,1643287594
2938,1643206175,1643287502
2935,1643201867,1643287114
2892,1642690463,1643286941
2891,1642690231,1643286935
2890,1642690028,1643286932
2874,1642514800,1643279856
2872,1642438985,1643279855
2871,1642437933,1643279854
2919,1643049774,1643128017
2918,1643038657,1643127933
2902,1642713597,1643120116
2901,1642712037,1643120113
2896,1642705738,1643120111
2897,1642706453,1643120107
2895,1642704117,1643120105
2894,1642702984,1643120103
2893,1642702151,1643120099
2884,1642621209,1643119747
2883,1642620489,1643119745
2881,1642600571,1643119741
2879,1642558962,1643119738
2869,1642190234,1643116095
2868,1642190041,1643116093
2865,1642189127,1643116090
2920,1643057033,1643115625
2917,1643037738,1643087779
2910,1642794403,1643059033
2909,1642792612,1643059032
2908,1642791260,1643059031
2906,1642782330,1643057280
2907,1642791062,1643055862
2900,1642709024,1643055512
2898,1642707227,1643054674
2882,1642615836,1643054394
2878,1642539686,1643054390
2858,1642106913,1643054387
2854,1642096065,1643054384
2853,1642095664,1643054383
2852,1642095436,1643054382
2851,1642094967,1643054381
2836,1642024390,1643054379
2835,1642022638,1643054377
2834,1642020207,1643054376
2833,1642019800,1643054374
2832,1642010765,1643054371
2831,1642009595,1643054369
2829,1642008075,1643054367
2899,1642708272,1643052719
2916,1643036895,1643047083
2880,1642588689,1643019915
2913,1642806584,1642899518
2912,1642801120,1642884910
2911,1642799527,1642881497
2914,1642808658,1642876423
2905,1642778936,1642796558
2826,1642005718,1642780810
2864,1642157515,1642780808
2825,1642005699,1642780806
2863,1642157425,1642780805
2824,1642005682,1642780804
2823,1642005661,1642780803
2822,1642005641,1642780801
2821,1642005619,1642780800
2820,1642005599,1642780799
2819,1642005580,1642780798
2818,1642005561,1642780797
2862,1642157282,1642780796
2817,1642005544,1642780794
2861,1642157207,1642780793
2816,1642005525,1642780792
2815,1642005504,1642780791
2856,1642099859,1642771943
2889,1642688797,1642770861
2728,1640599400,1642629611
2843,1642060973,1642519825
2842,1642060958,1642519812
2841,1642060949,1642519809
2840,1642060938,1642519805
2839,1642060925,1642519802
2838,1642060914,1642519795
2837,1642060897,1642519776
2770,1641380748,1642518994
2828,1642007619,1642515975
2805,1641576680,1642515560
2855,1642099379,1642515256
2803,1641568442,1642150013
2793,1641563481,1642149970
2798,1641564116,1642149864
2797,1641563583,1642149830
2796,1641563547,1642149786
2795,1641563530,1642149774
2794,1641563508,1642149758
2859,1642109086,1642128080
2783,1641479431,1642098225
2790,1641521431,1642078297
2830,1642009301,1642011198
2827,1642007409,1642010970
2813,1641922252,1641932843
2812,1641847162,1641930921
2810,1641840711,1641930784
2811,1641844618,1641930616
2788,1641507025,1641930418
2786,1641501571,1641919224
2774,1641400301,1641909932
2773,1641399684,1641909503
2791,1641557128,1641909159
2792,1641562562,1641908933
2804,1641570836,1641908632
2787,1641501899,1641885583
2785,1641485959,1641885302
2777,1641408652,1641885170
2780,1641413457,1641823825
2779,1641413096,1641823659
2778,1641408928,1641823376
2781,1641416590,1641823250
2806,1641772445,1641779625
2789,1641507227,1641779192
2772,1641395333,1641774671
2735,1640691398,1641561749
2734,1640691378,1641561735
2686,1640087734,1641561717
2685,1640087718,1641561692
2684,1640087701,1641561666
2683,1640087683,1641561654
2682,1640087668,1641561639
2681,1640087650,1641561607
2680,1640087630,1641561593
2679,1640087614,1641561564
2678,1640087597,1641561548
2677,1640087579,1641561532
2676,1640087560,1641561517
2675,1640087537,1641561476
2674,1640087512,1641561459
2673,1640087476,1641561442
2672,1640087406,1641561428
2671,1640087390,1641561415
2670,1640087376,1641561388
2669,1640087358,1641561374
2709,1640279446,1641561340
2708,1640279430,1641561325
2707,1640279409,1641561307
2668,1640087340,1641561290
2667,1640087326,1641561277
2666,1640087305,1641561260
2767,1641346318,1641398803
2706,1640239547,1641326266
2761,1641243162,1641250069
2699,1640192932,1640884174
2698,1640192866,1640884167
2695,1640191914,1640884161
2737,1640695434,1640884156
2736,1640695397,1640884149
2730,1640616273,1640866731
2727,1640597910,1640866692
2691,1640176082,1640866690
2726,1640597045,1640866668
2729,1640612593,1640866664
2740,1640707919,1640818074
2712,1640307853,1640811573
2743,1640737336,1640759425
2718,1640324060,1640735586
2717,1640323339,1640733715
2741,1640712922,1640732931
2733,1640632839,1640732193
2716,1640317056,1640720507
2715,1640314389,1640635225
2732,1640631391,1640633063
2731,1640629730,1640631569
2720,1640326519,1640631530
2714,1640313580,1640575998
2711,1640289825,1640574816
2710,1640286446,1640305953
2660,1640004595,1640261924
2664,1640084479,1640246076
2687,1640148484,1640240677
2705,1640198993,1640203109
2688,1640149012,1640199706
2689,1640149623,1640199563
2692,1640181201,1640189669
2690,1640170049,1640189643
2659,1640000358,1640092559
2658,1639998770,1640092467
2630,1639659676,1640083250
2629,1639659657,1640083234
2619,1639576551,1640083220
2618,1639576519,1640083206
2617,1639576484,1640083192
2662,1640012888,1640013563
2655,1639772183,1640012339
2654,1639770346,1640012166
2633,1639693911,1640011954
2661,1640011511,1640011892
2623,1639605091,1640011797
2652,1639763617,1639996656
2657,1639858247,1639860157
2656,1639773141,1639849023
2637,1639747917,1639849022
2636,1639746109,1639849020
2635,1639708117,1639849012
2653,1639768648,1639802774
2616,1639531463,1639801505
2626,1639627538,1639767692
2625,1639623566,1639767690
2651,1639753790,1639754459
2634,1639707841,1639746260
2620,1639585905,1639736736
2559,1638569405,1639675453
2624,1639617863,1639675242
2472,1637797991,1639622155
2611,1639425037,1639608308
2610,1639410436,1639608307
2609,1639410267,1639608304
2606,1639166987,1639608303
2605,1639166552,1639608300
2604,1639164180,1639608299
2596,1639012221,1639608297
2594,1639004069,1639608296
2593,1638997765,1639608293
2592,1638991804,1639608293
2591,1638989417,1639608292
2589,1638988833,1639608291
2590,1638989254,1639608290
2588,1638983567,1639608289
2587,1638980888,1639608288
2584,1638899294,1639608287
2614,1639496970,1639597908
2621,1639587254,1639597663
2622,1639591503,1639593680
2615,1639502095,1639575433
2585,1638970078,1639575069
2613,1639493949,1639574258
2561,1638792919,1639574043
2608,1639404416,1639573966
2607,1639258612,1639552591
2583,1638897720,1639509673
2582,1638895075,1639509672
2581,1638892905,1639509670
2580,1638892078,1639509668
2579,1638891264,1639509666
2578,1638886438,1639509664
2577,1638886243,1639509662
2572,1638838742,1639500752
2571,1638838244,1639500750
2569,1638837378,1639500747
2568,1638832298,1639500745
2567,1638826805,1639500744
2566,1638826100,1639500742
2565,1638825000,1639500739
2564,1638824652,1639500737
2563,1638823428,1639500734
2562,1638815670,1639500731
2412,1637269055,1639500348
2409,1637262828,1639500243
2576,1638879003,1639495690
2575,1638878986,1639495677
2574,1638878963,1639495661
2603,1639121462,1639459341
2367,1636987163,1639407018
2364,1636982027,1639407014
2359,1636749045,1639406996
2586,1638980112,1639402009
2480,1638143432,1639343518
2602,1639111108,1639296803
2601,1639096014,1639296386
2600,1639084964,1639294629
2599,1639034758,1639293598
2598,1639021089,1639293347
2597,1639019966,1639292768
2595,1639009525,1639292160
2502,1638358169,1639286563
2560,1638757134,1639284715
2550,1638545207,1638897287
2360,1636750493,1638890975
2558,1638561414,1638885899
2557,1638560876,1638885898
2556,1638560423,1638885895
2555,1638559616,1638885892
2554,1638558475,1638885889
2553,1638557208,1638885887
2552,1638557012,1638885884
2551,1638556704,1638885880
2546,1638488284,1638565647
2545,1638473077,1638553786
2376,1637013291,1638538702
2541,1638446553,1638534810
2540,1638446529,1638534809
2503,1638358758,1638524565
2417,1637330513,1638524529
2416,1637330494,1638524505
2415,1637330474,1638524486
2501,1638355693,1638433753
2498,1638257783,1638356316
2497,1638256313,1638356314
2496,1638246949,1638356312
2495,1638241750,1638356309
2494,1638240774,1638356306
2493,1638240449,1638356304
2492,1638240257,1638356302
2491,1638240079,1638356300
2490,1638239889,1638356298
2489,1638239619,1638356295
2488,1638239328,1638356293
2487,1638239319,1638356291
2486,1638239308,1638356289
2485,1638239297,1638356287
2484,1638239265,1638356285
2483,1638226326,1638355969
2482,1638222054,1638355967
2481,1638221919,1638355966
2500,1638319113,1638326455
2479,1638059317,1638210288
2478,1638059301,1638210286
2477,1638058842,1638210284
2476,1638058704,1638210166
2475,1637932553,1638181895
2470,1637787658,1638165240
2465,1637785315,1638164720
2464,1637785147,1638164373
2471,1637787817,1638164202
2462,1637702296,1638078235
2461,1637688232,1638076772
2460,1637687502,1638076606
2459,1637687426,1638076485
2430,1637640070,1638058473
2429,1637640059,1638058472
2389,1637098505,1637774710
2425,1637603482,1637697355
2358,1636747775,1637691352
2431,1637642231,1637679835
2427,1637629188,1637638534
2426,1637611867,1637614480
2424,1637594773,1637612010
2423,1637588440,1637593380
2408,1637245655,1637575142
2378,1637051144,1637575113
2377,1637051125,1637575073
2335,1636375616,1637575003
2334,1636375597,1637574940
2340,1636548570,1637574851
2422,1637529800,1637554213
2419,1637513317,1637531243
2421,1637528954,1637529923
2418,1637434105,1637437143
2404,1637173987,1637315836
2339,1636470029,1637315705
2344,1636582748,1637036861
2413,1637270175,1637285383
2414,1637271032,1637272110
2410,1637266473,1637271289
2407,1637180631,1637260740
2406,1637178531,1637248619
2405,1637177729,1637248615
2403,1637172092,1637248614
2383,1637089321,1637248275
2399,1637107199,1637247745
2402,1637161422,1637210280
2363,1636752019,1637176156
2401,1637159305,1637162805
2398,1637103520,1637161241
2397,1637102837,1637161239
2396,1637102646,1637161238
2395,1637101299,1637161236
2394,1637100972,1637160894
2393,1637100708,1637160892
2392,1637100177,1637160891
2391,1637099492,1637160889
2390,1637098910,1637160888
2388,1637097828,1637160886
2387,1637096770,1637160626
2386,1637095575,1637160625
2385,1637094745,1637160623
2384,1637093196,1637160509
2380,1637078609,1637158834
2382,1637088668,1637158117
2315,1635958384,1637157984
2381,1637081987,1637155947
2355,1636730147,1637155444
2353,1636729746,1637154625
2372,1637001834,1637153764
2375,1637010162,1637092104
2379,1637073031,1637085924
2352,1636729176,1637079782
2341,1636560805,1637078634
2373,1637002306,1637070188
2371,1636995504,1637070187
2370,1636994713,1637070186
2369,1636994701,1637070184
2368,1636988180,1637070183
2366,1636987052,1637069628
2365,1636986115,1637069627
2357,1636747509,1637011800
2361,1636751196,1637010744
2338,1636470009,1636965825
2317,1636021722,1636964732
2316,1636021702,1636964241
2354,1636730080,1636943820
2342,1636572168,1636746973
2336,1636403430,1636746845
2333,1636375353,1636746714
2331,1636150153,1636746599
2356,1636745182,1636746422
2276,1635188492,1636746408
2347,1636662060,1636671881
2349,1636668971,1636669416
2348,1636663404,1636668769
2343,1636576538,1636646604
2319,1636024681,1636553473
2311,1635947333,1636471315
2310,1635937163,1636453975
2337,1636411222,1636411398
2332,1636330702,1636385261
2314,1635958186,1636367841
2313,1635957996,1636367839
2312,1635957729,1636367838
2330,1636141759,1636142706
2329,1636136459,1636139172
2328,1636132731,1636139171
2321,1636033628,1636136886
2327,1636132550,1636132574
2324,1636055222,1636130656
2323,1636055048,1636128009
2322,1636054550,1636127812
2326,1636079315,1636120493
2306,1635861629,1636061139
2294,1635515832,1636025091
2308,1635869500,1635961720
2304,1635822971,1635903694
2309,1635881693,1635901646
2305,1635860817,1635901333
2303,1635799036,1635860582
2295,1635516442,1635839470
2288,1635411949,1635839359
2243,1634646318,1635839220
2237,1634567179,1635839188
2210,1634209367,1635839127
2209,1634209334,1635839094
2274,1635171313,1635799269
2299,1635706836,1635783417
2279,1635271007,1635652846
2298,1635539701,1635547840
2289,1635457111,1635547839
2297,1635534314,1635547837
2277,1635194456,1635541757
2278,1635269975,1635531100
2155,1633613847,1635501966
2154,1633613761,1635501945
2153,1633613412,1635501925
2152,1633613330,1635501924
2151,1633613250,1635501904
2150,1633613014,1635501900
2196,1634138419,1635501898
2287,1635368144,1635455563
2281,1635285403,1635368333
2270,1634856004,1635368332
2267,1634832071,1635368331
2266,1634830910,1635368330
2262,1634766809,1635368329
2280,1635272281,1635366520
2282,1635310992,1635366229
2286,1635358178,1635366228
2275,1635172311,1635356593
2273,1634913861,1635325357
2272,1634858033,1635268496
2219,1634249125,1635264931
2268,1634832494,1635173741
2269,1634853226,1634909714
2254,1634750062,1634909683
2271,1634857733,1634887400
2265,1634826663,1634848199
2253,1634742203,1634816300
2252,1634739315,1634816093
2223,1634289833,1634815892
2211,1634209386,1634815256
2261,1634765978,1634768084
2230,1634339441,1634760147
2260,1634754640,1634759985
2259,1634754093,1634759983
2258,1634753302,1634759981
2257,1634752605,1634759980
2256,1634751456,1634759976
2255,1634751444,1634759968
2249,1634662458,1634729108
2245,1634656867,1634719482
2208,1634209314,1634717261
2207,1634209287,1634717097
2250,1634666009,1634676945
2248,1634659058,1634668296
2247,1634659046,1634668295
2246,1634659036,1634668283
2242,1634608285,1634612302
2241,1634590609,1634606192
2240,1634589930,1634592161
2239,1634585699,1634588211
2238,1634582798,1634587529
2228,1634329342,1634581639
2227,1634327102,1634581637
2226,1634326122,1634581635
2225,1634323261,1634581632
2231,1634373500,1634488804
2235,1634379412,1634379457
2234,1634379380,1634379429
2233,1634379345,1634379428
2232,1634379313,1634379426
2229,1634339016,1634347417
2224,1634321042,1634326215
2222,1634254696,1634315338
2221,1634252712,1634315337
2189,1634132898,1634293408
2220,1634249737,1634249940
2218,1634248972,1634249061
2217,1634243301,1634243621
2216,1634241511,1634241587
2215,1634239156,1634239871
2214,1634227274,1634239866
2213,1634226347,1634239773
2205,1634164642,1634225286
2201,1634149728,1634225013
2120,1633349195,1634224951
2200,1634148647,1634222799
2199,1634145278,1634221951
2198,1634144779,1634221949
2184,1634048845,1634220571
2197,1634138905,1634196685
2202,1634149910,1634161174
2204,1634156414,1634160973
2186,1634069261,1634075875
2185,1634068550,1634075870
2148,1633558753,1634069151
2183,1634040765,1634068057
2173,1633964535,1634031392
2182,1633987589,1633987689
2181,1633983637,1633983769
2180,1633981870,1633983764
2179,1633977982,1633980559
2178,1633977013,1633980554
2177,1633976811,1633980553
2176,1633975521,1633980549
2175,1633973630,1633980544
2174,1633971412,1633972512
2171,1633722732,1633968009
2066,1632749410,1633943627
1982,1630935637,1633943325
2172,1633895261,1633896463
2169,1633656184,1633712107
2168,1633647666,1633712105
2167,1633646234,1633711616
2166,1633643226,1633711614
2165,1633636981,1633711611
2164,1633636449,1633711609
2163,1633636311,1633711607
2161,1633625344,1633711605
2147,1633558337,1633711602
2145,1633550439,1633711601
2144,1633549691,1633711288
2146,1633557384,1633710304
2143,1633546126,1633710167
2142,1633544326,1633710166
2141,1633535239,1633710150
2140,1633534529,1633710149
2139,1633533875,1633710147
2137,1633472574,1633710145
2136,1633472212,1633710143
2160,1633624118,1633705768
2158,1633623746,1633705767
2157,1633623627,1633705766
2135,1633470288,1633704302
2134,1633469434,1633704300
2133,1633468977,1633704298
2132,1633463826,1633704295
2131,1633458666,1633704293
2130,1633450182,1633704285
2138,1633522841,1633695790
2102,1633000122,1633695700
2100,1632996864,1633695679
2079,1632838751,1633695663
2078,1632838108,1633695642
2077,1632837803,1633695607
2076,1632836382,1633695569
2075,1632835556,1633695545
2074,1632835061,1633695518
2128,1633437275,1633679384
2127,1633437259,1633678565
2126,1633437236,1633678545
2156,1633615277,1633677994
2149,1633600303,1633677811
2129,1633438941,1633524478
2112,1633048207,1633522401
2119,1633342382,1633440690
2125,1633380761,1633404629
2124,1633379350,1633404628
2115,1633098809,1633386847
2123,1633371760,1633375972
2117,1633303169,1633370818
2122,1633361178,1633370584
2121,1633352324,1633369713
2113,1633087745,1633345999
2114,1633096407,1633344796
2103,1633016555,1633341020
2065,1632747082,1633287845
2116,1633107035,1633108320
2111,1633041584,1633104599
2109,1633034189,1633100110
2106,1633030189,1633100107
2022,1631880924,1633077635
2035,1632212840,1633077604
2107,1633030210,1633031342
2105,1633024736,1633031338
2104,1633024684,1633031337
2098,1632940287,1633025865
2096,1632936561,1633025645
2099,1632942206,1633025371
2097,1632939126,1633025369
2095,1632935665,1633024349
2094,1632931948,1633024347
2093,1632928341,1633024345
2092,1632922847,1633024343
2091,1632920551,1633019737
2089,1632868615,1633019735
2088,1632866445,1633019732
2087,1632863486,1633019731
2086,1632860519,1633019731
2101,1632997185,1633001727
2034,1632212822,1632994664
2033,1632212798,1632994500
2032,1632212778,1632994213
2012,1631716539,1632993350
2085,1632857725,1632865315
2084,1632855358,1632864907
2083,1632854276,1632864906
2082,1632853379,1632864904
2081,1632851266,1632864294
2080,1632850725,1632864290
2072,1632787044,1632864286
2071,1632782897,1632793928
2050,1632317914,1632783622
2070,1632780699,1632783214
2069,1632780620,1632783162
2068,1632764241,1632775275
2067,1632762702,1632774734
2010,1631610044,1632754946
1975,1630671600,1632742756
2061,1632388773,1632471175
2060,1632367951,1632425392
2058,1632352954,1632425391
2057,1632352900,1632425389
2056,1632352879,1632425388
2055,1632352847,1632425387
2054,1632352832,1632425386
2049,1632315436,1632401151
2041,1632232626,1632400992
2040,1632232375,1632400546
2039,1632231976,1632396089
2038,1632231558,1632395900
2037,1632231153,1632395539
2059,1632356815,1632373491
2030,1631906929,1632340135
2048,1632266690,1632338603
2026,1631887956,1632336137
2029,1631902493,1632333377
2024,1631887359,1632333350
2023,1631887293,1632331973
2047,1632265672,1632265873
2043,1632241266,1632251306
2027,1631888918,1632204812
2031,1632189657,1632195216
2014,1631721381,1632134505
2028,1631890255,1632082721
2017,1631741456,1631897760
2016,1631740105,1631897543
2015,1631739665,1631887103
2019,1631800597,1631870712
2011,1631700070,1631782848
2008,1631585686,1631743697
2007,1631578934,1631743360
1992,1631070742,1631608692
2006,1631557358,1631566205
1999,1631111228,1631524220
1981,1630932324,1631524210
1980,1630930824,1631524202
1979,1630926149,1631524167
1978,1630925014,1631524161
1977,1630920094,1631524154
1974,1630665116,1631524115
1972,1630590607,1631524071
2004,1631319288,1631417377
2005,1631340548,1631416280
2002,1631204469,1631275495
2001,1631204254,1631275494
2000,1631204081,1631275493
2003,1631231237,1631237732
1988,1631040085,1631229489
1986,1631036838,1631163517
1989,1631045145,1631161915
1985,1631034101,1631161827
1984,1631033331,1631161826
1983,1631031129,1631161824
1976,1630826241,1631161823
1998,1631084964,1631138569
1997,1631084203,1631138555
1996,1631084071,1631138550
1995,1631084011,1631138520
1994,1631083995,1631138509
1993,1631083969,1631138494
1990,1631061661,1631137738
1991,1631062223,1631137568
1987,1631038077,1631126024
1971,1630574937,1630657777
1968,1630443646,1630517642
1895,1628779076,1630492376
1969,1630443741,1630458549
1962,1630326056,1630408373
1966,1630331785,1630406007
1965,1630331744,1630406003
1964,1630331702,1630405998
1937,1629818709,1630312154
1961,1630055151,1630310691
1940,1629910558,1630107931
1939,1629910081,1630075685
1960,1630021121,1630074464
1959,1630021081,1630074450
1958,1630015420,1630074435
1957,1629984103,1630064870
1956,1629983995,1630064866
1955,1629983905,1630064863
1954,1629983807,1630064859
1953,1629983711,1630064856
1952,1629983620,1630064852
1951,1629983525,1630064848
1950,1629983412,1630064843
1949,1629983326,1630064839
1948,1629983236,1630064836
1947,1629983104,1630064831
1945,1629916665,1629941140
1944,1629916470,1629941138
1941,1629911060,1629924950
1938,1629826232,1629913204
1921,1629385053,1629895177
1936,1629726040,1629794683
1924,1629475132,1629794679
1923,1629463578,1629794673
1933,1629569132,1629759825
1932,1629504966,1629755864
1931,1629504922,1629754246
1930,1629498328,1629754174
1929,1629498308,1629753604
1928,1629498267,1629751668
1927,1629496642,1629751663
1926,1629496468,1629751658
1935,1629605196,1629747520
1877,1628552802,1629745753
1934,1629594401,1629745752
1925,1629496307,1629745751
1922,1629446144,1629713174
1899,1628862519,1629465444
1920,1629383773,1629448053
1918,1629377837,1629448047
1919,1629378436,1629443617
1917,1629320275,1629323005
1916,1629320196,1629323000
1914,1629314929,1629320860
1913,1629314701,1629320854
1915,1629317912,1629320732
1911,1629215218,1629278558
1910,1629215126,1629278554
1909,1629215029,1629278549
1912,1629223294,1629223864
1908,1629209509,1629210065
1907,1629209440,1629210047
1904,1629175988,1629207674
1903,1629172791,1629207662
1902,1629172319,1629207657
1906,1629204885,1629207598
1905,1629203424,1629207495
1901,1629153698,1629202624
1897,1628790856,1628791101
1896,1628790834,1628791096
1878,1628585405,1628778037
1889,1628695940,1628775017
1888,1628695837,1628775004
1886,1628695588,1628774997
1885,1628695485,1628774992
1884,1628695323,1628774984
1883,1628695204,1628774970
1880,1628695010,1628774955
1846,1627987182,1628756493
1845,1627987161,1628756400
1844,1627987126,1628756370
1843,1627987107,1628756325
1842,1627987088,1628756286
1841,1627987068,1628756247
1840,1627987048,1628756158
1894,1628708246,1628713071
1893,1628707547,1628713067
1892,1628706722,1628707367
1891,1628704757,1628705314
1890,1628704318,1628705310
1887,1628695803,1628699278
1882,1628695158,1628699275
1881,1628695044,1628699271
1879,1628694918,1628699268
1875,1628547129,1628627282
1874,1628538936,1628627276
1876,1628551488,1628619658
1872,1628531581,1628619449
1871,1628531559,1628619444
1870,1628519108,1628619424
1867,1628516642,1628607760
1869,1628519072,1628606397
1868,1628518990,1628606393
1823,1627471702,1628585617
1821,1627471654,1628585596
1820,1627471611,1628585569
1873,1628533286,1628545092
1857,1628260606,1628500302
1856,1628260569,1628500298
1861,1628288124,1628454249
1860,1628287441,1628454227
1859,1628283869,1628285213
1858,1628279617,1628284612
1854,1628100646,1628277630
1831,1627658740,1628276978
1830,1627632724,1628252317
1853,1628096753,1628199406
1852,1628089095,1628199382
1851,1628087436,1628197765
1834,1627681538,1628197757
1833,1627681305,1628197324
1839,1627959209,1628029544
1838,1627959183,1627966725
1837,1627920810,1627935777
1836,1627920785,1627935775
1835,1627920724,1627935773
1832,1627680648,1627930170
1794,1627288881,1627631471
1793,1627288733,1627631454
1829,1627578290,1627595375
1828,1627543583,1627572878
1827,1627543559,1627572875
1826,1627543517,1627572870
1825,1627543417,1627572864
1824,1627487007,1627572690
1818,1627469585,1627569167
1795,1627299719,1627485541
1792,1627288553,1627473932
1815,1627410370,1627418166
1814,1627410333,1627418161
1817,1627415377,1627418093
1816,1627412460,1627417581
1813,1627409234,1627417580
1812,1627402774,1627417579
1811,1627401503,1627415711
1810,1627395808,1627414339
1809,1627395324,1627414337
1808,1627395272,1627414336
1807,1627395085,1627414314
1797,1627328765,1627390273
1796,1627328510,1627390266
1806,1627363512,1627390132
1805,1627363486,1627390127
1804,1627363424,1627390123
1803,1627363375,1627390120
1802,1627363352,1627390116
1801,1627363303,1627390112
1800,1627363285,1627390108
1799,1627363243,1627390104
1798,1627363211,1627390099
1791,1627065004,1627331502
1766,1626803183,1627331041
1790,1627035551,1627291273
1789,1627035405,1627291267
1781,1626976284,1627061901
1765,1626802996,1627061899
1780,1626965255,1627029394
1774,1626868745,1627029358
1773,1626868612,1627029349
1787,1626982673,1626986931
1786,1626981804,1626986902
1785,1626981749,1626986856
1784,1626981706,1626986848
1783,1626981654,1626986832
1782,1626981588,1626986814
1788,1626986151,1626986408
1779,1626926502,1626963833
1778,1626926470,1626963827
1777,1626926415,1626963824
1776,1626926277,1626963821
1775,1626926238,1626963815
1772,1626865237,1626950795
1771,1626865115,1626950785
1770,1626862937,1626950771
1769,1626862099,1626950764
1768,1626843385,1626888561
1756,1626685825,1626866885
1767,1626803545,1626812920
1761,1626739837,1626793225
1764,1626768506,1626793024
1763,1626768486,1626793023
1762,1626768466,1626793021
1757,1626702043,1626782585
1760,1626729462,1626730405
1759,1626729301,1626730404
1758,1626710997,1626719612
1696,1626369896,1626687480
1688,1626274770,1626687477
1687,1626274684,1626687473
1686,1626274593,1626687469
1685,1626274495,1626687464
1582,1625235869,1626682877
1581,1625235844,1626682814
1580,1625235813,1626682756
1579,1625235783,1626682698
1561,1625132103,1626677637
1560,1625128813,1626677607
1755,1626559510,1626646128
1754,1626559483,1626646127
1753,1626559405,1626646126
1752,1626559388,1626646124
1751,1626559363,1626646123
1750,1626559338,1626646122
1749,1626544765,1626559065
1748,1626544752,1626559058
1747,1626493271,1626544253
1746,1626492305,1626544251
1745,1626491978,1626544173
1744,1626491579,1626544131
1743,1626490939,1626544068
1742,1626490921,1626542395
1741,1626490900,1626542394
1740,1626462202,1626462269
1739,1626460776,1626460821
1738,1626407787,1626442835
1737,1626407773,1626442834
1736,1626407762,1626442834
1735,1626407753,1626442833
1734,1626407744,1626442833
1733,1626407732,1626442832
1732,1626407723,1626442832
1731,1626407715,1626442831
1730,1626407634,1626442831
1729,1626407623,1626442830
1728,1626407612,1626442830
1727,1626407602,1626442829
1726,1626407558,1626442829
1725,1626407546,1626442828
1724,1626407535,1626442828
1723,1626407522,1626442827
1722,1626407511,1626442827
1721,1626407460,1626442826
1720,1626407449,1626442826
1719,1626407438,1626442825
1718,1626407426,1626442824
1717,1626407408,1626442824
1716,1626407397,1626442823
1715,1626407384,1626442823
1714,1626407338,1626442822
1713,1626407329,1626442822
1712,1626407318,1626442821
1711,1626407308,1626442820
1710,1626407297,1626442820
1709,1626407287,1626442819
1708,1626407276,1626442819
1707,1626407266,1626442818
1706,1626407254,1626442818
1705,1626407237,1626442817
1704,1626407223,1626442816
1703,1626407201,1626442816
1702,1626407191,1626442815
1701,1626407178,1626442790
1700,1626407166,1626442528
1699,1626407154,1626442527
1698,1626407140,1626442525
1697,1626407122,1626442524
1695,1626296182,1626318385
1694,1626294559,1626294837
1692,1626283622,1626292380
1691,1626283442,1626292369
1690,1626283208,1626292335
1689,1626283134,1626292333
1693,1626289600,1626290712
1684,1626191419,1626191947
1683,1626170550,1626187137
1682,1626153578,1626183513
1681,1626146752,1626183510
1680,1626146598,1626183479
1679,1626146410,1626183469
1678,1626146326,1626183460
1677,1626126481,1626128623
1676,1626126296,1626128613
1675,1626126189,1626128604
1674,1626126076,1626128595
1673,1626125998,1626128586
1672,1626125894,1626128577
1671,1626125816,1626128568
1670,1626125765,1626128559
1669,1626125662,1626128550
1668,1626091692,1626107083
1649,1625839845,1626107068
1640,1625754199,1626107054
1639,1625753959,1626107040
1638,1625753646,1626107027
1637,1625753399,1626107014
1636,1625753057,1626107002
1635,1625752639,1626106990
1634,1625752253,1626106978
1633,1625751944,1626106966
1632,1625751522,1626106954
1631,1625751071,1626106942
1630,1625750605,1626106929
1667,1626051622,1626102233
1666,1626050233,1626102223
1665,1626045244,1626102221
1664,1626045223,1626102211
1663,1626040278,1626102198
1662,1626036759,1626102185
1661,1626036693,1626102175
1660,1626036617,1626102160
1659,1626036548,1626102143
1658,1625970002,1625973377
1657,1625969981,1625973367
1656,1625948813,1625968513
1655,1625868278,1625968493
1654,1625868255,1625968481
1651,1625855370,1625861420
1653,1625856321,1625861197
1652,1625855416,1625861195
1650,1625852691,1625852846
1648,1625787573,1625852484
1647,1625785103,1625785114
1645,1625782146,1625783595
1644,1625781138,1625783507
1646,1625782282,1625783470
1643,1625779925,1625783171
1642,1625779785,1625783163
1641,1625779660,1625783152
1621,1625697673,1625774247
1620,1625697514,1625758248
1619,1625697425,1625758246
1618,1625697181,1625758244
1629,1625701791,1625748394
1628,1625701752,1625748382
1627,1625701734,1625748370
1626,1625701677,1625748357
1625,1625701663,1625748345
1624,1625701604,1625748332
1623,1625701549,1625748319
1622,1625701534,1625748307
1617,1625696945,1625697844
1616,1625675662,1625691404
1615,1625526106,1625615690
1604,1625476603,1625558131
1614,1625523707,1625523892
1613,1625518357,1625518907
1612,1625517179,1625518396
1611,1625517167,1625518395
1610,1625515920,1625516286
1609,1625512393,1625516245
1608,1625505066,1625507738
1607,1625505055,1625507711
1606,1625505044,1625507694
1605,1625504407,1625507627
1603,1625361462,1625506631
1602,1625361366,1625506613
1601,1625360664,1625506594
1600,1625345688,1625506592
1574,1625224645,1625477346
1573,1625223580,1625477333
1572,1625223531,1625477321
1598,1625274424,1625439005
1595,1625271280,1625276861
1599,1625276433,1625276462
1597,1625272332,1625272376
1596,1625272316,1625272363
1594,1625266616,1625266822
1593,1625266600,1625266821
1592,1625259884,1625260067
1591,1625258919,1625259932
1589,1625256900,1625259915
1590,1625258890,1625259066
1588,1625254193,1625254561
1585,1625249773,1625254561
1584,1625239722,1625254560
1587,1625250057,1625250448
1586,1625250020,1625250441
1583,1625235990,1625243611
1578,1625234034,1625243611
1577,1625233884,1625243610
1576,1625233494,1625243610
1575,1625233239,1625243610
1571,1625198890,1625242095
1570,1625198855,1625242091
1562,1625147156,1625213892
1569,1625173967,1625192889
1568,1625171205,1625171562
1567,1625170930,1625171458
1566,1625169828,1625171458
1565,1625169583,1625171394
1564,1625169055,1625169584
1563,1625167504,1625169463
1533,1625002904,1625124895
1532,1625002872,1625124876
1559,1625111026,1625118855
1547,1625066482,1625118853
1542,1625031241,1625118851
1541,1625031191,1625118850
1540,1625008537,1625118848
1539,1625008331,1625118847
1538,1625008315,1625118845
1558,1625100867,1625101343
1557,1625099480,1625099960
1556,1625099419,1625099959
1555,1625099329,1625099959
1554,1625097407,1625099959
1553,1625093225,1625097224
1552,1625093100,1625097224
1551,1625093061,1625097224
1550,1625076372,1625097223
1549,1625075777,1625097223
1548,1625075350,1625097223
1546,1625060977,1625097223
1545,1625060787,1625097222
1544,1625060768,1625097222
1543,1625060672,1625097222
1537,1625007753,1625007842
1534,1625004907,1625007820
1536,1625007565,1625007659
1535,1625007546,1625007656
1515,1624927444,1625007314
1531,1624991012,1624997748
1516,1624928504,1624991680
1514,1624924598,1624991679
1513,1624907788,1624991679
1512,1624907586,1624991678
1511,1624907360,1624991678
1510,1624907102,1624989633
1530,1624936853,1624982507
1529,1624936807,1624982493
1528,1624936776,1624982481
1527,1624936758,1624982468
1526,1624936740,1624982456
1525,1624936701,1624982443
1524,1624936671,1624982429
1523,1624936632,1624982390
1522,1624936594,1624982377
1521,1624936566,1624982364
1520,1624936529,1624982352
1519,1624936511,1624982339
1518,1624936448,1624982327
1517,1624936425,1624982315
1509,1624888878,1624973065
1508,1624887643,1624973053
1507,1624880454,1624973040
1506,1624875314,1624973037
1505,1624874489,1624973024
1504,1624874215,1624973021
1412,1623755435,1624973009
1406,1623677012,1624972997
1405,1623676616,1624972984
1404,1623676360,1624972981
1403,1623675698,1624972978
1431,1624279319,1624972975
1402,1623675147,1624972972
1401,1623674670,1624972960
1400,1623673279,1624972956
1499,1624629575,1624891370
1430,1624269574,1624864305
1429,1624269372,1624864270
1498,1624628932,1624651025
1492,1624560612,1624642531
1503,1624640384,1624642531
1502,1624640270,1624642530
1501,1624640099,1624642529
1497,1624586726,1624637928
1500,1624633094,1624637877
1491,1624560511,1624570015
1495,1624564987,1624569914
1493,1624562627,1624568945
1494,1624562692,1624568514
1452,1624480256,1624564740
1451,1624479020,1624564724
1450,1624478935,1624564693
1490,1624552714,1624564434
1489,1624552700,1624564428
1488,1624552685,1624564364
1486,1624503027,1624549232
1485,1624494228,1624549214
1484,1624494209,1624549192
1483,1624494178,1624549185
1482,1624494159,1624549178
1481,1624494142,1624549172
1480,1624494111,1624549165
1479,1624493669,1624549154
1478,1624491655,1624549150
1477,1624491562,1624549143
1476,1624491187,1624549134
1475,1624490932,1624549128
1474,1624490805,1624549121
1473,1624490691,1624549115
1472,1624489198,1624549110
1471,1624488791,1624549104
1470,1624488465,1624549055
1469,1624487762,1624549003
1468,1624483698,1624548955
1467,1624483649,1624548898
1466,1624483630,1624548846
1465,1624482677,1624548844
1464,1624482644,1624548801
1463,1624482609,1624548781
1462,1624482575,1624548726
1461,1624482554,1624548675
1460,1624482446,1624548622
1459,1624482404,1624548549
1458,1624482363,1624548490
1457,1624482281,1624548439
1456,1624482237,1624548434
1455,1624482194,1624548389
1487,1624506225,1624548361
1448,1624393660,1624482108
1447,1624393640,1624482083
1446,1624393619,1624482080
1445,1624393597,1624482042
1444,1624393576,1624481937
1443,1624393555,1624481849
1442,1624393523,1624481842
1441,1624393507,1624481806
1449,1624402418,1624462521
1440,1624391767,1624462506
1438,1624339854,1624383923
1437,1624339796,1624383902
1436,1624339730,1624383869
1439,1624376055,1624378708
1434,1624325317,1624376867
1433,1624323958,1624376862
1428,1624056666,1624376857
1435,1624328229,1624374402
1423,1624024323,1624353012
1427,1624052527,1624154205
1398,1623617157,1624137135
1420,1623984976,1624053704
1426,1624034258,1624034996
1424,1624033598,1624034936
1425,1624033917,1624034917
1419,1623962586,1624033493
1418,1623962529,1624033488
1417,1623962485,1624033434
1416,1623962420,1624033431
1421,1624001071,1624022908
1422,1624005603,1624022792
1415,1623831092,1624022295
1413,1623761336,1624001228
1121,1620599507,1624001195
1411,1623696928,1623902842
1389,1623264707,1623902837
1388,1623264694,1623902833
1387,1623264678,1623902796
1386,1623264645,1623902792
1385,1623264635,1623902788
1381,1623190103,1623902783
1380,1623190093,1623902779
1378,1623132408,1623902742
1377,1623132395,1623902737
1376,1623132381,1623902733
1375,1623132369,1623902728
1374,1623132355,1623902724
1373,1623132342,1623902719
1372,1623132330,1623902715
1371,1623132317,1623902711
1370,1623132295,1623902706
1369,1623132279,1623902701
1368,1623132264,1623902697
1367,1623132250,1623902692
1366,1623132216,1623902687
1365,1623132201,1623902682
1364,1623132160,1623902677
1356,1623033007,1623902672
1355,1623032993,1623902666
1352,1623032912,1623902660
1354,1623032950,1623902654
1353,1623032929,1623902642
1351,1623032898,1623902466
1350,1623032880,1623902260
1349,1623032863,1623902256
1348,1623032840,1623902252
1347,1623032826,1623902248
1346,1623032807,1623902216
1414,1623781611,1623781941
1399,1623669530,1623747393
1410,1623683540,1623742632
1396,1623328009,1623741407
1384,1623238664,1623741335
1383,1623227436,1623741242
1382,1623226115,1623741148
1397,1623437732,1623677040
1342,1622823219,1623430384
1394,1623286247,1623338284
1395,1623304831,1623334241
1390,1623267713,1623294906
1393,1623272191,1623274135
1392,1623272150,1623274124
1391,1623269566,1623273699
1379,1623182904,1623252554
1362,1623120472,1623178545
1361,1623117819,1623178532
1360,1623115807,1623175688
1359,1623103740,1623175676
1358,1623103365,1623168880
1357,1623101470,1623168869
1363,1623124059,1623168567
1264,1622109367,1623163213
1341,1622815133,1623141961
1345,1622841961,1623098757
1340,1622771458,1623041688
1344,1622841495,1622844940
1343,1622840872,1622844928
1324,1622521057,1622768083
1336,1622683109,1622764193
1337,1622685478,1622764181
1335,1622682487,1622764169
1339,1622752044,1622752206
1333,1622672167,1622680877
1334,1622672277,1622679763
1332,1622663177,1622668592
1331,1622660486,1622668591
1330,1622648608,1622668591
1326,1622555486,1622634500
1325,1622555152,1622634488
1319,1622461234,1622628745
1329,1622579784,1622580695
1328,1622574991,1622580695
1327,1622570946,1622573399
1321,1622485675,1622516581
1320,1622475826,1622479124
1317,1622430329,1622430734
1316,1622430312,1622430689
1315,1622430301,1622430684
1314,1622430291,1622430678
1313,1622430280,1622430672
1312,1622430267,1622430659
1311,1622430252,1622430613
1310,1622430241,1622430607
1309,1622430170,1622430602
1308,1622430157,1622430592
1307,1622430146,1622430582
1306,1622430134,1622430575
1305,1622430119,1622430562
1304,1622430104,1622430512
1303,1622430092,1622430504
1302,1622241786,1622430453
1301,1622241774,1622430444
1300,1622241743,1622430439
1299,1622241733,1622430426
1298,1622241720,1622430414
1297,1622241692,1622430372
1296,1622232195,1622233633
1295,1622229390,1622231185
1294,1622219450,1622226681
1293,1622219009,1622219233
1292,1622218714,1622219204
1286,1622168759,1622216917
1291,1622168935,1622216913
1290,1622168902,1622216909
1289,1622168886,1622216905
1288,1622168828,1622216899
1287,1622168808,1622216895
1285,1622163749,1622216888
1011,1618488260,1622193221
1284,1622154058,1622169261
1283,1622153464,1622169254
1282,1622151985,1622169249
1281,1622149483,1622169230
1280,1622149464,1622169183
1279,1622147720,1622169143
1278,1622145283,1622146588
1275,1622137118,1622143368
1277,1622139567,1622140955
1276,1622139151,1622140905
1274,1622135796,1622136513
1273,1622134423,1622136494
1272,1622134385,1622136474
1271,1622134372,1622136416
1270,1622134270,1622136399
1269,1622129732,1622135032
1268,1622129018,1622135032
1267,1622124599,1622128066
1266,1622121675,1622128060
1263,1622075380,1622127499
1265,1622120049,1622120840
1256,1622033885,1622099707
1248,1621993300,1622068004
1262,1622063633,1622064390
1257,1622042114,1622063430
1261,1622060274,1622060831
1260,1622059569,1622060423
1259,1622056989,1622059637
1258,1622043193,1622048724
1255,1622013928,1622045885
1254,1622013914,1622045877
1253,1622013901,1622045866
1252,1622013888,1622045861
1251,1622013874,1622045855
1250,1622013862,1622045847
1249,1622005151,1622045779
1247,1621979950,1622013469
1246,1621979934,1622013464
1245,1621979919,1622013455
1244,1621979904,1622013415
1243,1621979893,1622013406
1242,1621979879,1622013396
1241,1621979866,1622013387
1240,1621979855,1622013378
1239,1621964928,1621987519
1238,1621964116,1621982615
1237,1621963197,1621982614
1236,1621913664,1621962595
1218,1621580429,1621921738
1235,1621902736,1621913463
1234,1621902705,1621913459
1233,1621902694,1621913455
1232,1621902682,1621913452
1231,1621892670,1621893191
1230,1621874966,1621893190
1229,1621874217,1621893189
1188,1621428035,1621856176
1187,1621407442,1621856098
1228,1621631834,1621699235
1227,1621631244,1621699189
1226,1621630873,1621699126
1225,1621630779,1621699070
1224,1621629675,1621699011
1223,1621629523,1621698992
1222,1621628841,1621631929
1221,1621625099,1621625386
1220,1621625087,1621625383
1216,1621569953,1621616556
1217,1621569989,1621616511
1215,1621567530,1621616504
1214,1621567486,1621616495
1213,1621566385,1621616485
1219,1621615318,1621616388
1212,1621545397,1621566124
1210,1621535923,1621555241
1209,1621524480,1621555240
1211,1621537562,1621539381
1208,1621488628,1621522859
1207,1621488610,1621522856
1206,1621488594,1621522851
1205,1621488577,1621522824
1204,1621488560,1621522820
1203,1621488546,1621522816
1202,1621488485,1621522812
1138,1620728228,1621519248
1137,1620727815,1621519169
1135,1620726456,1621518004
1164,1621235851,1621517922
1148,1620803403,1621517657
1201,1621466525,1621467533
1200,1621465774,1621467486
1199,1621465333,1621467481
1198,1621465248,1621467444
1197,1621462082,1621467318
1196,1621461941,1621467296
1195,1621461729,1621467252
1194,1621461712,1621467248
1193,1621459471,1621467245
1192,1621451765,1621453155
1191,1621451674,1621453141
1189,1621440751,1621452669
1186,1621394224,1621452651
1184,1621394155,1621452649
1183,1621394102,1621452645
1182,1621393991,1621452627
1181,1621393904,1621452611
1185,1621394209,1621452595
1190,1621451615,1621452195
1180,1621361510,1621361764
1179,1621361328,1621361729
1178,1621360685,1621361670
1177,1621308326,1621356257
1176,1621308261,1621356239
1175,1621308235,1621356237
1174,1621287395,1621288629
1173,1621285252,1621288610
1172,1621285215,1621288590
1171,1621285180,1621288571
1170,1621285094,1621288553
1169,1621273835,1621274003
1168,1621273814,1621273984
1167,1621266608,1621273965
1166,1621266593,1621273947
1163,1621025066,1621186667
1162,1621009561,1621152991
1161,1621008671,1621014087
1130,1620654086,1621011500
1129,1620654038,1621011443
1128,1620651688,1621011424
1127,1620651256,1621011403
1126,1620650859,1621011394
1125,1620650213,1621011323
1044,1619183272,1621011310
1154,1620937491,1621006388
1160,1620987961,1620999410
1159,1620987832,1620999384
1158,1620987710,1620999359
1157,1620987669,1620999341
1156,1620987631,1620999322
1155,1620987554,1620999292
1153,1620837570,1620939243
1147,1620771567,1620939211
1152,1620828474,1620895754
1151,1620828256,1620895742
1150,1620827938,1620895727
1149,1620827591,1620895681
1146,1620745583,1620822135
1145,1620745472,1620822067
1144,1620744842,1620822049
1143,1620744410,1620822031
1142,1620743902,1620822005
1141,1620743506,1620821991
1140,1620743126,1620821935
1139,1620742866,1620821880
1134,1620675171,1620749584
1133,1620674966,1620749580
1132,1620674782,1620749577
1120,1620394605,1620729162
1131,1620654955,1620727553
1122,1620602104,1620663376
1116,1620287099,1620663372
1117,1620287905,1620663366
1115,1620256654,1620663364
1114,1620256322,1620663358
1113,1620256296,1620663352
1112,1620256257,1620663349
1111,1620256185,1620663317
1119,1620394168,1620635109
1118,1620311984,1620377414
1048,1619434099,1620375207
1047,1619426238,1620375188
1109,1620227478,1620300178
1101,1620128555,1620300158
1100,1620127332,1620300145
1110,1620253699,1620257562
1107,1620196511,1620237105
1106,1620183282,1620183302
1105,1620178110,1620179239
1104,1620169977,1620171002
1103,1620158926,1620170936
1102,1620148827,1620154169
1098,1620098923,1620138995
1071,1619680456,1620111384
1070,1619679559,1620111376
1097,1620089778,1620089831
1078,1619786278,1620084204
1051,1619442142,1620084189
1096,1620083772,1620084007
1095,1620083524,1620084006
1094,1620082849,1620083911
1093,1620082804,1620083887
1091,1620065327,1620083870
1090,1620017054,1620083853
1089,1620016962,1620083836
1088,1620016925,1620083834
1087,1620016909,1620083831
1086,1620016821,1620083830
1083,1619960552,1620083827
1082,1619960507,1620083811
1081,1619960469,1620083786
1080,1619829594,1620083270
1085,1619978307,1620081390
1092,1620067147,1620069576
1076,1619720530,1620067757
1075,1619719809,1620066160
1079,1619818456,1619868598
1077,1619722244,1619819928
1069,1619664024,1619817940
1068,1619653890,1619817938
1067,1619644137,1619817936
1066,1619642152,1619817906
1065,1619642113,1619817857
1073,1619693023,1619782258
1063,1619624626,1619782217
1050,1619439815,1619782201
1072,1619689135,1619782193
1064,1619630648,1619644233
1062,1619621638,1619644210
1049,1619439652,1619610451
1060,1619531750,1619549569
1059,1619530592,1619549566
1058,1619530043,1619549561
1057,1619529778,1619549557
1043,1619177475,1619504778
1055,1619461454,1619496354
1054,1619453876,1619472737
1053,1619452950,1619472541
1052,1619452474,1619472482
1056,1619464518,1619467356
1042,1619165077,1619419692
1019,1618824925,1619419615
1010,1618484167,1619419554
1046,1619207217,1619208387
1045,1619204656,1619208383
1041,1619125318,1619195655
1040,1619106723,1619179280
1039,1619098200,1619179258
1009,1618484115,1619163884
1008,1618483994,1619163181
889,1615479274,1619163125
1036,1619012477,1619155956
975,1617799607,1619155947
1035,1619012160,1619155942
926,1616418223,1619104783
1038,1619037114,1619097862
956,1617283923,1619073720
1037,1619026311,1619039320
1032,1618872494,1619020552
1031,1618872326,1619020551
1030,1618872095,1619020551
1034,1618930013,1618998526
1033,1618927922,1618998510
1029,1618871130,1618956316
1028,1618871108,1618956307
1027,1618870918,1618956292
1026,1618870840,1618956269
1025,1618870699,1618956252
1024,1618870669,1618956237
1023,1618870644,1618956223
1022,1618870522,1618956210
1021,1618870500,1618956195
1020,1618870413,1618956172
1007,1618420511,1618956157
1006,1618420262,1618956137
1005,1618420115,1618956121
997,1618236534,1618897457
995,1618216509,1618897448
994,1618216292,1618897435
993,1618216165,1618897424
992,1618215923,1618897411
991,1618215796,1618897402
1014,1618609031,1618867450
1013,1618598007,1618867242
1012,1618590573,1618867081
1017,1618803774,1618850189
1016,1618803537,1618850171
1015,1618801229,1618847479
1018,1618804351,1618847387
996,1618236193,1618568445
990,1618215307,1618568320
1003,1618404003,1618490600
755,1613983130,1618477473
1002,1618333134,1618411372
1001,1618325106,1618406679
1000,1618324921,1618406678
998,1618261851,1618330662
999,1618310389,1618327051
989,1617996287,1618236661
986,1617960676,1618235608
883,1615452094,1618223001
938,1617097439,1618205155
988,1617984646,1617986967
985,1617916299,1617984707
987,1617980215,1617982958
927,1616429713,1617964615
844,1614779395,1617964614
842,1614779175,1617964613
884,1615455130,1617962307
937,1617096733,1617959840
936,1617096439,1617959565
984,1617910569,1617914494
983,1617910181,1617913364
978,1617811248,1617907741
980,1617844156,1617902531
977,1617811084,1617844341
976,1617811007,1617818635
974,1617769876,1617811262
945,1617189705,1617785982
972,1617709572,1617785441
959,1617380959,1617769663
957,1617380798,1617769657
973,1617738802,1617741298
971,1617667854,1617720216
970,1617667814,1617720206
969,1617667796,1617720205
968,1617667769,1617720202
967,1617667749,1617720198
966,1617667730,1617720196
965,1617667703,1617720184
964,1617667671,1617720177
963,1617667644,1617720176
962,1617667615,1617720175
961,1617667602,1617720174
960,1617636277,1617720172
955,1617239478,1617303298
954,1617238610,1617303289
953,1617238415,1617303280
952,1617237810,1617303274
946,1617196530,1617257913
951,1617222560,1617223885
891,1615552558,1617222954
943,1617131233,1617222949
941,1617118911,1617222940
950,1617212388,1617221843
949,1617208397,1617221836
948,1617207176,1617221824
947,1617200000,1617201309
944,1617133890,1617198679
935,1617094628,1617190405
923,1616145873,1617126959
917,1616070467,1617126892
934,1617038243,1617123056
916,1616052093,1617101095
933,1617036387,1617052288
845,1614780810,1617021853
931,1616676346,1616750544
913,1615915079,1616468654
929,1616438999,1616468635
928,1616430276,1616436861
914,1616004548,1616202849
925,1616189940,1616196693
924,1616187897,1616196686
918,1616070861,1616156970
922,1616098162,1616100832
921,1616098081,1616100814
920,1616083638,1616100780
919,1616082055,1616085281
915,1616037050,1616085259
912,1615891361,1616073989
907,1615800574,1616073980
892,1615556509,1616073976
843,1614779302,1616067567
908,1615801077,1616062920
899,1615793253,1615950892
911,1615847889,1615913977
910,1615847840,1615913938
909,1615836213,1615839959
900,1615794285,1615839819
897,1615584334,1615813985
895,1615581577,1615813942
882,1615411201,1615764115
898,1615585666,1615585775
896,1615582030,1615585171
894,1615580899,1615581469
893,1615580876,1615581452
878,1615323593,1615573585
888,1615473308,1615540173
887,1615470954,1615540172
886,1615470257,1615540172
885,1615469887,1615540171
875,1615289413,1615466312
874,1615289352,1615466311
877,1615307536,1615465456
876,1615303698,1615465455
881,1615406113,1615449658
880,1615405715,1615449646
873,1615238161,1615449635
872,1615204795,1615449610
871,1615200914,1615449586
870,1615196593,1615449562
850,1614946068,1615274750
869,1615056408,1615224623
852,1614962761,1615173034
868,1615012390,1615012447
867,1614989114,1614990749
866,1614983760,1614990737
865,1614983018,1614990730
864,1614982760,1614990723
863,1614982530,1614990690
862,1614982119,1614990684
861,1614981952,1614990667
860,1614980345,1614990647
859,1614978831,1614990642
858,1614967461,1614990627
856,1614966867,1614990612
857,1614967183,1614990597
855,1614966654,1614990570
854,1614966031,1614990555
853,1614965559,1614990540
823,1614351341,1614961604
822,1614351217,1614961603
820,1614348629,1614961602
848,1614859583,1614931369
849,1614887006,1614894799
840,1614730006,1614893428
839,1614727896,1614892367
838,1614724475,1614892238
837,1614641308,1614889356
836,1614629022,1614889231
835,1614625476,1614889058
779,1614090903,1614845358
819,1614336368,1614845140
795,1614165187,1614772895
749,1613743009,1614772829
740,1613656981,1614772713
708,1612877854,1614772616
833,1614371611,1614722731
832,1614370370,1614722607
831,1614369132,1614722446
830,1614368335,1614722354
829,1614365050,1614722203
828,1614364281,1614722102
827,1614363324,1614721967
826,1614362005,1614721861
825,1614360846,1614721705
824,1614354786,1614721507
834,1614622504,1614715134
821,1614349208,1614353202
812,1614274001,1614350538
777,1614068529,1614337505
748,1613729134,1614332874
811,1614270114,1614332873
818,1614286856,1614304510
817,1614284334,1614304431
816,1614282665,1614304353
815,1614281712,1614304096
814,1614280678,1614303956
813,1614277110,1614303829
803,1614201186,1614272617
802,1614199346,1614272467
810,1614268661,1614272324
809,1614268625,1614272288
808,1614268613,1614272283
801,1614198422,1614272214
798,1614196074,1614271794
776,1614031923,1614271395
775,1614030962,1614271266
774,1614028601,1614271079
773,1614028052,1614270917
772,1614025893,1614270464
771,1614017217,1614270285
770,1614013547,1614269974
769,1614011495,1614269703
807,1614232833,1614268501
753,1613762091,1614268437
799,1614196447,1614236978
806,1614212803,1614212824
805,1614210025,1614210078
804,1614208025,1614208043
800,1614197035,1614201899
790,1614145933,1614197644
789,1614145063,1614197639
788,1614140221,1614197610
787,1614128048,1614197606
786,1614127961,1614197600
785,1614127821,1614197595
784,1614127057,1614197590
783,1614125849,1614197554
781,1614113013,1614197503
780,1614112929,1614197499
752,1613757188,1614194219
751,1613755063,1614193666
796,1614166135,1614193474
739,1613649389,1614180432
756,1613986700,1614180432
794,1614157026,1614157547
791,1614146193,1614153730
778,1614077207,1614149661
728,1613437839,1614139660
747,1613691061,1614101188
746,1613690320,1614101174
744,1613688900,1614101159
743,1613675079,1614100529
742,1613671099,1614100513
741,1613669614,1614100496
768,1614001980,1614071500
767,1614001932,1614071499
766,1614001862,1614071498
765,1614000915,1614071497
764,1614000868,1614071496
763,1614000812,1614071495
762,1614000694,1614071494
761,1614000604,1614071493
760,1614000454,1614071492
759,1614000331,1614071491
758,1613999861,1614071490
757,1613996073,1614068870
754,1613782375,1614054579
733,1613512544,1613663120
732,1613510647,1613663108
731,1613494542,1613663096
736,1613564472,1613639367
735,1613561184,1613639367
724,1613380825,1613602814
711,1612944646,1613583108
730,1613490232,1613583035
722,1613172104,1613582973
738,1613569748,1613570803
737,1613568156,1613570552
720,1613146748,1613560330
719,1613139730,1613560329
727,1613395483,1613560328
718,1613129559,1613560327
729,1613464290,1613548400
734,1613521322,1613539446
714,1613040637,1613480146
725,1613383430,1613465691
712,1612965852,1613460917
693,1612435860,1613383594
721,1613171297,1613377614
717,1613106766,1613377600
723,1613172105,1613337714
716,1613058472,1613142660
715,1613042129,1613114222
713,1613016111,1613057167
709,1612878507,1613042859
700,1612527547,1613025796
707,1612869679,1612941267
691,1612365233,1612858336
689,1612360982,1612858269
681,1612266254,1612858136
680,1612266172,1612858069
679,1612265896,1612857927
650,1611445138,1612811146
649,1611443734,1612811135
648,1611430940,1612811125
686,1612291252,1612811115
671,1611845221,1612811105
656,1611625801,1612811064
705,1612792870,1612799637
704,1612782349,1612798015
696,1612452415,1612776696
703,1612634590,1612724378
702,1612536093,1612541974
699,1612516469,1612541973
698,1612456033,1612541972
701,1612531989,1612541971
690,1612362755,1612538097
677,1612215058,1612537136
697,1612454183,1612520314
695,1612450727,1612518092
694,1612450367,1612518091
692,1612434888,1612518090
688,1612357435,1612518090
666,1611755820,1612358269
685,1612275243,1612343573
684,1612270404,1612343572
683,1612268347,1612343571
682,1612268249,1612343570
678,1612263417,1612343569
672,1611845351,1612252524
673,1611847236,1612252421
668,1611781797,1612249036
676,1612187048,1612196750
670,1611839380,1612191944
675,1611924374,1612186154
674,1611924191,1612186136
663,1611751488,1612186118
653,1611576364,1612186041
664,1611752913,1611917352
667,1611766606,1611874012
665,1611754187,1611831038
662,1611749687,1611831037
661,1611748568,1611831036
660,1611737922,1611818602
659,1611737418,1611818569
658,1611737370,1611818552
657,1611684164,1611759100
655,1611580810,1611676134
654,1611576403,1611676133
643,1611247850,1611672870
642,1611246770,1611672866
626,1611000846,1611672862
625,1610986111,1611672850
624,1610985487,1611672845
623,1610983822,1611672833
633,1611142134,1611658572
631,1611064999,1611658541
622,1610979707,1611658309
602,1610627801,1611657575
601,1610627693,1611657541
579,1610460052,1611657398
652,1611575442,1611652019
651,1611573064,1611652019
647,1611326579,1611652018
646,1611324705,1611652017
645,1611316892,1611652016
644,1611314188,1611652015
641,1611199809,1611268431
639,1611176578,1611268397
638,1611163956,1611246489
637,1611160881,1611245115
636,1611153585,1611241790
640,1611188095,1611241553
634,1611146802,1611240100
632,1611067317,1611233040
629,1611053811,1611230619
635,1611148294,1611227261
614,1610723251,1611227261
628,1611050649,1611121471
627,1611032906,1611107649
610,1610662380,1611048369
616,1610729282,1610967424
615,1610729220,1610966092
613,1610721508,1610955846
621,1610922523,1610922634
620,1610743255,1610748916
619,1610742949,1610744079
618,1610740848,1610742925
609,1610660239,1610736083
617,1610731405,1610731933
607,1610641487,1610722136
606,1610640227,1610722110
605,1610635308,1610722076
604,1610629357,1610722068
603,1610628666,1610722042
591,1610558832,1610722007
590,1610542561,1610721971
589,1610538214,1610721939
577,1610374836,1610721929
573,1609855964,1610721888
612,1610676317,1610712418
611,1610676156,1610712390
600,1610615835,1610696302
608,1610647584,1610675417
599,1610585908,1610591351
598,1610580504,1610585849
597,1610578246,1610585822
596,1610576413,1610585797
594,1610565260,1610585792
593,1610561484,1610585758
592,1610560859,1610585714
595,1610571752,1610584457
586,1610501420,1610510644
585,1610495902,1610510490
588,1610510230,1610510261
587,1610502801,1610502836
584,1610495095,1610495951
583,1610479570,1610479663
582,1610478990,1610479657
581,1610475603,1610475837
580,1610475531,1610475834
575,1610112438,1610461456
574,1610112387,1610461448
576,1610325085,1610406393
578,1610404353,1610404970
572,1609854619,1610032117
571,1609765750,1610032090
570,1609728053,1609790733
569,1609727247,1609790709
568,1609726159,1609790689
567,1609719632,1609790687
566,1609716943,1609790667
548,1608731586,1609755890
541,1608649706,1609755889
564,1609325668,1609755888
563,1609307773,1609481732
565,1609414261,1609481589
554,1608819237,1609406838
550,1608734609,1609406838
561,1608931247,1609225281
560,1608865697,1609171307
559,1608851039,1609171284
558,1608845702,1609171246
557,1608843396,1609171240
556,1608843088,1609171221
555,1608842131,1609171199
562,1609155231,1609169020
553,1608803401,1609156319
547,1608729828,1609155919
546,1608723125,1609155918
545,1608714375,1609155918
544,1608713306,1609155917
540,1608634465,1608809482
530,1608313927,1608809481
526,1608219934,1608809481
525,1608219189,1608809480
524,1608218547,1608809479
523,1608218182,1608809478
522,1608217614,1608809478
521,1608217143,1608809477
551,1608740421,1608749423
543,1608665278,1608665907
542,1608664246,1608665904
539,1608628161,1608650042
538,1608568503,1608627287
531,1608541176,1608620488
536,1608558235,1608618334
529,1608299082,1608618226
528,1608299021,1608618218
527,1608298888,1608618177
537,1608562899,1608617660
535,1608556720,1608564674
534,1608554150,1608564673
533,1608549615,1608564673
532,1608546112,1608564673
515,1608032262,1608551360
516,1608040865,1608532726
506,1607954627,1608532716
505,1607954445,1608532706
503,1607695553,1608532696
520,1608215800,1608272311
519,1608215784,1608272306
518,1608215759,1608272290
517,1608112981,1608130549
499,1607610506,1608113347
514,1607994447,1608053357
513,1607994081,1608053356
512,1607994042,1608053354
511,1607984617,1608053338
510,1607984409,1608053307
509,1607981731,1608053278
508,1607981403,1608053273
507,1607960165,1607960363
504,1607726856,1607958561
502,1607636189,1607706786
501,1607635365,1607706782
500,1607635098,1607706778
498,1607521907,1607606371
497,1607521732,1607606370
496,1607521694,1607606355
495,1607521637,1607606340
494,1607521575,1607606325
493,1607521548,1607606309
492,1607435832,1607605142
490,1607357217,1607600527
469,1606902915,1607600526
397,1605280321,1607600525
396,1605260993,1607600524
373,1604681024,1607600523
369,1604576444,1607600522
485,1607085017,1607519937
417,1605712596,1607515977
487,1607097161,1607515976
491,1607362317,1607458054
489,1607136820,1607354515
488,1607118214,1607354508
486,1607094113,1607345510
484,1607025250,1607103872
472,1606971065,1607103810
327,1603806163,1607086302
483,1607006634,1607064780
482,1607006611,1607064764
481,1607006493,1607064749
480,1607006477,1607064734
479,1607006459,1607064719
478,1607006443,1607064704
477,1607006425,1607064688
476,1607006407,1607064671
475,1607006389,1607064655
474,1607006366,1607064640
473,1607006341,1607064624
470,1606911454,1606987978
466,1606821040,1606977177
468,1606899311,1606977173
455,1606727869,1606977168
449,1606486537,1606977162
448,1606486455,1606977147
467,1606855977,1606895574
465,1606802573,1606855109
464,1606802498,1606855085
463,1606781691,1606855072
462,1606781615,1606855065
461,1606781516,1606855051
460,1606760362,1606855039
459,1606759401,1606855034
458,1606759184,1606855024
457,1606756090,1606854986
456,1606754542,1606854985
447,1606486353,1606804503
454,1606677845,1606747079
453,1606676570,1606747075
452,1606624493,1606747057
451,1606540104,1606747053
450,1606540079,1606747048
436,1606140873,1606461200
446,1606403302,1606461160
443,1606315591,1606461103
445,1606348119,1606371734
444,1606342707,1606371730
442,1606278796,1606336401
441,1606181118,1606246287
440,1606180408,1606246270
439,1606180139,1606246253
438,1606179895,1606246232
437,1606167159,1606246215
435,1606113316,1606139976
434,1606100440,1606138085
433,1606100304,1606138071
432,1606098319,1606138056
431,1605913747,1606138024
430,1605913256,1606137990
429,1605912322,1606137959
428,1605902225,1606137954
427,1605857357,1605880129
426,1605857290,1605880106
424,1605796661,1605857144
423,1605779775,1605857137
422,1605779713,1605857124
421,1605779624,1605857109
425,1605799138,1605854210
420,1605743408,1605792840
409,1605575222,1605792835
418,1605732715,1605792815
419,1605732773,1605792804
415,1605651508,1605750146
416,1605695233,1605714490
412,1605618141,1605690741
395,1605260808,1605690741
407,1605536969,1605689526
406,1605530493,1605689486
405,1605529955,1605689456
413,1605620479,1605689431
411,1605584069,1605625275
410,1605583139,1605625260
408,1605575192,1605625245
414,1605622504,1605624820
370,1604585479,1605615511
383,1604937754,1605613547
382,1604937471,1605613547
340,1603987486,1605613546
329,1603814227,1605613545
328,1603806623,1605613545
404,1605466960,1605574669
403,1605417572,1605574631
402,1605417563,1605574630
401,1605320546,1605574593
400,1605320388,1605574577
399,1605320361,1605574530
398,1605301821,1605574513
381,1604932246,1605284481
379,1604928307,1605284293
380,1604928353,1605284276
389,1605018534,1605284266
388,1605018407,1605284257
387,1605018356,1605284253
308,1603714146,1605284248
291,1603370636,1605284237
339,1603960749,1605284215
360,1604407512,1605284190
359,1604407438,1605284184
338,1603959637,1605284161
394,1605152065,1605194229
393,1605151767,1605194228
392,1605151735,1605194202
391,1605151692,1605194184
390,1605086097,1605194164
386,1604951345,1605020922
385,1604951229,1605020897
384,1604951214,1605020886
378,1604878510,1604940066
377,1604878361,1604940051
376,1604877782,1604940035
375,1604875842,1604940021
374,1604875753,1604940006
372,1604639207,1604688242
371,1604639199,1604688226
368,1604553451,1604592983
367,1604553410,1604592975
366,1604553367,1604592968
365,1604553323,1604592961
364,1604473619,1604520842
363,1604468408,1604520795
362,1604468324,1604520786
361,1604468304,1604520779
358,1604377766,1604410815
357,1604377544,1604410787
356,1604377519,1604410781
355,1604377481,1604410773
354,1604377456,1604410754
297,1603457028,1604397909
296,1603455431,1604397909
341,1603987722,1604397908
294,1603455153,1604397907
353,1604374393,1604374457
352,1604278306,1604321878
351,1604278295,1604321863
350,1604035384,1604062468
349,1604035326,1604062467
348,1604031371,1604062448
347,1604001080,1604062335
346,1604000552,1604062332
345,1603999843,1604062327
344,1603999049,1604062323
343,1603997313,1604062319
342,1603987802,1604062314
337,1603925510,1603984769
336,1603925097,1603984766
335,1603839460,1603903258
334,1603828643,1603903243
333,1603826311,1603903216
332,1603823752,1603903215
331,1603817925,1603903214
330,1603816647,1603903199
326,1603776011,1603776012
325,1603776000,1603776002
324,1603775982,1603775983
323,1603775973,1603775974
322,1603775963,1603775965
321,1603775954,1603775955
320,1603775943,1603775945
319,1603775927,1603775929
318,1603775900,1603775902
317,1603775862,1603775864
316,1603775755,1603775757
315,1603775739,1603775741
314,1603775701,1603775703
313,1603775679,1603775680
312,1603775638,1603775640
311,1603775615,1603775616
310,1603745346,1603745348
309,1603741654,1603741793
307,1603665950,1603716923
306,1603665734,1603716907
305,1603664848,1603716891
304,1603654299,1603716875
303,1603570659,1603716835
302,1603565344,1603716804
301,1603565250,1603716788
300,1603490510,1603716772
299,1603490434,1603716756
298,1603490380,1603716739
293,1603434871,1603571167
292,1603420379,1603571150
290,1603340916,1603375120
289,1603340135,1603375102
288,1603339888,1603375086
287,1603339696,1603375070
286,1603338645,1603375054
285,1603322376,1603375039
284,1603321591,1603375023
283,1603317842,1603375007
282,1603317686,1603374990
281,1603317524,1603374974
280,1603314137,1603374957
279,1603236862,1603312607
278,1603236128,1603312601
277,1603235325,1603312596
276,1603235180,1603312580
275,1603162775,1603230986
274,1603162747,1603230958
273,1603162696,1603230898
272,1603162662,1603230827
271,1603162610,1603230818
270,1603162569,1603230783
269,1603162560,1603230755
268,1603162518,1603230718
267,1603162477,1603230673
266,1603162465,1603230666
265,1603162447,1603230641
264,1603162425,1603230612
263,1603162226,1603230583
262,1603162159,1603230557
261,1603162136,1603230546
260,1603162095,1603230520
259,1603162058,1603230496
258,1603162032,1603230470
257,1603126453,1603230445
256,1603112796,1603230443
254,1603104531,1603190738
240,1602762089,1603190738
239,1602760403,1603190737
249,1602861886,1603117593
248,1602860371,1603117593
247,1602856426,1603117592
222,1602503622,1603117592
255,1603111552,1603116244
253,1603076675,1603108131
252,1602882532,1603108115
251,1602882497,1603108094
246,1602809167,1603108090
245,1602808611,1603108084
244,1602805952,1603108056
250,1602862195,1603108009
243,1602804414,1602880894
242,1602802489,1602880887
238,1602690669,1602845326
208,1602246716,1602845325
207,1602242052,1602845325
191,1602084735,1602845324
176,1601649885,1602845323
237,1602688559,1602762533
236,1602600006,1602600874
235,1602599983,1602600871
234,1602599957,1602600869
233,1602599950,1602600864
231,1602557979,1602593696
230,1602557971,1602593664
229,1602557960,1602593661
228,1602551033,1602593657
227,1602550622,1602593653
232,1602558017,1602593648
226,1602533684,1602593636
225,1602533589,1602593634
224,1602522738,1602593630
223,1602520144,1602593599
220,1602467068,1602503006
219,1602467062,1602502989
218,1602461025,1602502965
217,1602461019,1602502948
216,1602461012,1602502931
215,1602461006,1602502914
221,1602502363,1602502897
214,1602382743,1602502880
213,1602262103,1602262193
212,1602262096,1602262172
211,1602262087,1602262167
210,1602262079,1602262161
209,1602262071,1602262133
189,1601989152,1602251134
172,1601551177,1602251128
205,1602228568,1602250944
190,1601989318,1602250940
196,1602153190,1602250722
206,1602239072,1602249576
204,1602208330,1602248961
203,1602205914,1602248944
202,1602190770,1602248927
201,1602190764,1602248911
200,1602190681,1602248835
199,1602190674,1602248468
198,1602190666,1602248448
195,1602151760,1602232916
194,1602147161,1602232915
188,1601981899,1602232409
197,1602164866,1602166302
193,1602130553,1602164602
192,1602130540,1602164595
179,1601921059,1602025763
186,1601955172,1602025762
185,1601925050,1602025759
184,1601921126,1602025743
183,1601921117,1602025738
182,1601921107,1602025653
181,1601921097,1602025601
180,1601921090,1602025596
178,1601921049,1602025546
177,1601865549,1601900701
175,1601635634,1601864954
173,1601558669,1601635783
174,1601605770,1601635370
169,1601476874,1601563648
141,1600447345,1601563647
140,1600445469,1601563646
139,1600444519,1601563645
130,1600262713,1601563644
129,1600262647,1601563644
94,1600078645,1601563643
81,1599819060,1601563642
80,1599740006,1601563641
76,1599663142,1601563640
75,1599663058,1601563639
170,1601478122,1601559901
171,1601508908,1601558116
166,1601410926,1601558115
168,1601412858,1601500459
167,1601412717,1601500443
165,1601409486,1601500427
164,1601402901,1601500411
163,1601392515,1601500396
162,1601363357,1601386573
159,1601295346,1601386569
110,1600172440,1601386552
109,1600170006,1601386535
161,1601310372,1601381344
160,1601309673,1601381335
158,1601006671,1601051326
157,1601006636,1601051311
156,1601005102,1601051297
155,1601004556,1601051283
154,1601004239,1601051269
153,1601003919,1601051254
152,1601003902,1601051242
151,1601003890,1601051228
150,1601003866,1601051214
149,1600847834,1600874542
148,1600708298,1600778389
147,1600456860,1600691783
146,1600456847,1600691779
145,1600456836,1600691778
144,1600456787,1600691777
143,1600456773,1600691745
142,1600456760,1600691743
134,1600349094,1600437169
133,1600346541,1600437168
138,1600410984,1600433416
137,1600379629,1600433414
136,1600375138,1600433337
135,1600361056,1600433335
132,1600316053,1600345947
131,1600314430,1600345946
128,1600241860,1600267436
127,1600241851,1600267384
126,1600241454,1600267331
125,1600231145,1600267279
124,1600228656,1600267225
123,1600228031,1600267160
122,1600227996,1600267104
121,1600227971,1600267045
120,1600227864,1600266990
119,1600197747,1600266937
118,1600197739,1600266933
117,1600197731,1600266930
116,1600197723,1600266927
115,1600197716,1600266925
114,1600197709,1600266922
113,1600197698,1600266918
112,1600197680,1600266914
111,1600185389,1600266861
72,1599554949,1600183740
70,1599481810,1600183725
47,1599052125,1600183708
27,1598621616,1600183691
108,1600140153,1600173613
107,1600139439,1600173609
105,1600138318,1600173603
104,1600138311,1600173580
103,1600124840,1600173569
102,1600112306,1600173545
101,1600111816,1600173539
100,1600111808,1600173530
99,1600111799,1600173525
98,1600111791,1600173520
97,1600111784,1600173512
96,1600111745,1600173499
95,1600111576,1600173486
93,1599971786,1600084403
50,1599072870,1600084383
92,1599964322,1600084363
91,1599962487,1600084342
90,1599958712,1600084322
89,1599958509,1600084320
88,1599949430,1600084300
87,1599948835,1600084296
86,1599947886,1600084275
85,1599945919,1600084255
84,1599861492,1600084231
83,1599858362,1600084221
82,1599839120,1600084218
63,1599225630,1600064411
62,1599225599,1600064402
59,1599139256,1600064338
79,1599680382,1599743019
78,1599679092,1599743018
74,1599580896,1599659764
73,1599579241,1599659726
71,1599493147,1599565767
68,1599334797,1599479611
67,1599249605,1599479592
66,1599246672,1599479588
60,1599215728,1599479570
65,1599244984,1599479511
64,1599240730,1599479451
61,1599221795,1599231998
45,1598951752,1599231997
24,1598452078,1599231995
58,1599137094,1599228467
46,1598966010,1599141390
57,1599090830,1599135536
55,1599079165,1599135535
54,1599072912,1599135520
53,1599072902,1599135506
52,1599072889,1599135492
51,1599072879,1599135478
49,1599062863,1599135464
48,1599060033,1599061535
44,1598941057,1599061532
43,1598941046,1599061516
42,1598941030,1599061120
41,1598936378,1599060815
40,1598936363,1599060794
39,1598936351,1599060777
38,1598936340,1599060759
37,1598936330,1599060741
36,1598936319,1599060724
35,1598936308,1599060705
34,1598936296,1599060687
33,1598936286,1599060668
32,1598936275,1599060650
31,1598936263,1599060633
29,1598841887,1599060579
30,1598841909,1598936186
28,1598633423,1598634061
26,1598598650,1598626021
25,1598460182,1598529262
23,1598365097,1598456495
21,1598278811,1598447181
20,1597753718,1598447179
18,1597325915,1598447177
17,1597325841,1598447175
16,1597325713,1598447173
15,1597218014,1598447170
14,1597157092,1598447167
13,1597156754,1598447165
12,1597156212,1598447164
5,1595419356,1598447162
22,1598286822,1598361845
11,1596799298,1598358529
10,1596799272,1598358522
9,1596096520,1596114163
8,1595936181,1596030741
4,1595334727,1595601898
2,1595332154,1595428471
1,1595268377,1595268576
